[
    {
      "name": "Vaidya Arjun Dev",
      "imageUrl": "https://w7.pngwing.com/pngs/104/498/png-transparent-physician-lia-doctor-of-medicine-doctors-and-nurses-miscellaneous-photography-service.png",
      "position": "Sr. Ayurvedic Researcher at AyurPlant Inc",
      "experience": "15 years",
      "awardsAndRecognitions": "2 awards and recognized for exceptional discovery in Ayurveda",
      "fieldOfStudy": "Panchakarma Therapy",
      "email": "arjun.dev@ayurplantinc.com"
    },
    {
      "name": "Vaidya Priya Nanda",
      "imageUrl": "https://w7.pngwing.com/pngs/104/498/png-transparent-physician-lia-doctor-of-medicine-doctors-and-nurses-miscellaneous-photography-service.png",
      "position": "Sr. Ayurvedic Researcher at AyurPlant Inc",
      "experience": "12 years",
      "awardsAndRecognitions": "3 awards and recognized for innovative herbal formulations",
      "fieldOfStudy": "Herbal Medicine",
      "email": "priya.nanda@ayurplantinc.com"
    },
    {
      "name": "Vaidya Sanjay Mishra",
      "imageUrl": "https://w7.pngwing.com/pngs/104/498/png-transparent-physician-lia-doctor-of-medicine-doctors-and-nurses-miscellaneous-photography-service.png",
      "position": "Sr. Ayurvedic Researcher at AyurPlant Inc",
      "experience": "20 years",
      "awardsAndRecognitions": "2 awards and recognized for exceptional discovery in Ayurveda",
      "fieldOfStudy": "Rasayana (Rejuvenation Therapy)",
      "email": "sanjay.mishra@ayurplantinc.com"
    },
    {
      "name": "Vaidya Meera Suri",
      "imageUrl": "https://w7.pngwing.com/pngs/104/498/png-transparent-physician-lia-doctor-of-medicine-doctors-and-nurses-miscellaneous-photography-service.png",
      "position": "Sr. Ayurvedic Researcher at AyurPlant Inc",
      "experience": "8 years",
      "awardsAndRecognitions": "1 award and recognized for contributions to Ayurvedic nutrition",
      "fieldOfStudy": "Ayurvedic Nutrition",
      "email": "meera.suri@ayurplantinc.com"
    },
    {
      "name": "Vaidya Rohan Vyas",
      "imageUrl": "https://w7.pngwing.com/pngs/104/498/png-transparent-physician-lia-doctor-of-medicine-doctors-and-nurses-miscellaneous-photography-service.png",
      "position": "Sr. Ayurvedic Researcher at AyurPlant Inc",
      "experience": "18 years",
      "awardsAndRecognitions": "2 awards and recognized for exceptional discovery in Ayurveda",
      "fieldOfStudy": "Dravyaguna (Ayurvedic Pharmacology)",
      "email": "rohan.vyas@ayurplantinc.com"
    },
    {
      "name": "Vaidya Anjali Rao",
      "imageUrl": "https://w7.pngwing.com/pngs/104/498/png-transparent-physician-lia-doctor-of-medicine-doctors-and-nurses-miscellaneous-photography-service.png",
      "position": "Sr. Ayurvedic Researcher at AyurPlant Inc",
      "experience": "10 years",
      "awardsAndRecognitions": "2 awards and recognized for advancements in Ayurvedic diagnostics",
      "fieldOfStudy": "Nidana (Diagnostics)",
      "email": "anjali.rao@ayurplantinc.com"
    },
    {
      "name": "Vaidya Kiran Sharma",
      "imageUrl": "https://w7.pngwing.com/pngs/104/498/png-transparent-physician-lia-doctor-of-medicine-doctors-and-nurses-miscellaneous-photography-service.png",
      "position": "Sr. Ayurvedic Researcher at AyurPlant Inc",
      "experience": "22 years",
      "awardsAndRecognitions": "3 awards and recognized for exceptional discovery in Ayurveda",
      "fieldOfStudy": "Shalya Tantra (Ayurvedic Surgery)",
      "email": "kiran.sharma@ayurplantinc.com"
    },
    {
      "name": "Vaidya Neha Gupta",
      "imageUrl": "https://w7.pngwing.com/pngs/104/498/png-transparent-physician-lia-doctor-of-medicine-doctors-and-nurses-miscellaneous-photography-service.png",
      "position": "Sr. Ayurvedic Researcher at AyurPlant Inc",
      "experience": "14 years",
      "awardsAndRecognitions": "2 awards and recognized for contributions to women’s health",
      "fieldOfStudy": "Stree Roga (Gynecology in Ayurveda)",
      "email": "neha.gupta@ayurplantinc.com"
    },
    {
      "name": "Vaidya Vikram Joshi",
      "imageUrl": "https://w7.pngwing.com/pngs/104/498/png-transparent-physician-lia-doctor-of-medicine-doctors-and-nurses-miscellaneous-photography-service.png",
      "position": "Sr. Ayurvedic Researcher at AyurPlant Inc",
      "experience": "16 years",
      "awardsAndRecognitions": "2 awards and recognized for exceptional discovery in Ayurveda",
      "fieldOfStudy": "Kayachikitsa (Internal Medicine)",
      "email": "vikram.joshi@ayurplantinc.com"
    },
    {
      "name": "Vaidya Shalini Iyer",
      "imageUrl": "https://w7.pngwing.com/pngs/104/498/png-transparent-physician-lia-doctor-of-medicine-doctors-and-nurses-miscellaneous-photography-service.png",
      "position": "Sr. Ayurvedic Researcher at AyurPlant Inc",
      "experience": "9 years",
      "awardsAndRecognitions": "1 award and recognized for research in child health",
      "fieldOfStudy": "Kaumarbhritya (Pediatrics in Ayurveda)",
      "email": "shalini.iyer@ayurplantinc.com"
    },
    {
      "name": "Vaidya Devendra Patil",
      "imageUrl": "https://w7.pngwing.com/pngs/104/498/png-transparent-physician-lia-doctor-of-medicine-doctors-and-nurses-miscellaneous-photography-service.png",
      "position": "Sr. Ayurvedic Researcher at AyurPlant Inc",
      "experience": "25 years",
      "awardsAndRecognitions": "4 awards and recognized for exceptional discovery in Ayurveda",
      "fieldOfStudy": "Agad Tantra (Toxicology)",
      "email": "devendra.patil@ayurplantinc.com"
    },
    {
      "name": "Vaidya Ritu Mehra",
      "imageUrl": "https://w7.pngwing.com/pngs/104/498/png-transparent-physician-lia-doctor-of-medicine-doctors-and-nurses-miscellaneous-photography-service.png",
      "position": "Sr. Ayurvedic Researcher at AyurPlant Inc",
      "experience": "11 years",
      "awardsAndRecognitions": "2 awards and recognized for contributions to mental health",
      "fieldOfStudy": "Manas Roga (Mental Health in Ayurveda)",
      "email": "ritu.mehra@ayurplantinc.com"
    },
    {
      "name": "Vaidya Anil Kapoor",
      "imageUrl": "https://w7.pngwing.com/pngs/104/498/png-transparent-physician-lia-doctor-of-medicine-doctors-and-nurses-miscellaneous-photography-service.png",
      "position": "Sr. Ayurvedic Researcher at AyurPlant Inc",
      "experience": "19 years",
      "awardsAndRecognitions": "2 awards and recognized for exceptional discovery in Ayurveda",
      "fieldOfStudy": "Shalakya Tantra (ENT and Ophthalmology)",
      "email": "anil.kapoor@ayurplantinc.com"
    },
    {
      "name": "Vaidya Sneha Desai",
      "imageUrl": "https://w7.pngwing.com/pngs/104/498/png-transparent-physician-lia-doctor-of-medicine-doctors-and-nurses-miscellaneous-photography-service.png",
      "position": "Sr. Ayurvedic Researcher at AyurPlant Inc",
      "experience": "13 years",
      "awardsAndRecognitions": "2 awards and recognized for advancements in skin care",
      "fieldOfStudy": "Twak Roga (Dermatology in Ayurveda)",
      "email": "sneha.desai@ayurplantinc.com"
    },
    {
      "name": "Vaidya Manish Thakur",
      "imageUrl": "https://w7.pngwing.com/pngs/104/498/png-transparent-physician-lia-doctor-of-medicine-doctors-and-nurses-miscellaneous-photography-service.png",
      "position": "Sr. Ayurvedic Researcher at AyurPlant Inc",
      "experience": "17 years",
      "awardsAndRecognitions": "3 awards and recognized for exceptional discovery in Ayurveda",
      "fieldOfStudy": "Vajikarana (Aphrodisiac Therapy)",
      "email": "manish.thakur@ayurplantinc.com"
    }
  ]