[
    {
      "Name of Medicine": "Abhayarishta",
      "Dispensing Pack Size": "200 ml",
      "Main Indications": "Arsha, Agnimandya,\nUdararoga, Vibandha",
      "Dose": "12 - 24 ml",
      "Precaution/ Contraindication": "No Precaution, Safe to use",
      "Class": "A"
    },
    {
      "Name of Medicine": "Amritarishta",
      "Dispensing Pack Size": "200 ml",
      "Main Indications": "SarvaJvara, Jirna Jvara",
      "Dose": "12 - 24 ml",
      "Precaution/ Contraindication": "No Precaution, Safe to use",
      "Class": "A"
    },
    {
      "Name of Medicine": "Aragvadharishta",
      "Dispensing Pack Size": "200ml",
      "Main Indications": "Kandu, Tvak Vikara,\nVibandha",
      "Dose": "12 - 24 ml",
      "Precaution/ Contraindication": "No Precaution, Safe to use",
      "Class": "A"
    },
    {
      "Name of Medicine": "Aravindasava",
      "Dispensing Pack Size": "200 ml",
      "Main Indications": "Balaroga, Balakshaya,\nAgnimandya, Aruchi",
      "Dose": "12 - 24 ml",
      "Precaution/ Contraindication": "No Precaution, Safe to use",
      "Class": "A"
    },
    {
      "Name of Medicine": "Arjunarishta/ Parthadyarishta",
      "Dispensing Pack Size": "200 ml",
      "Main Indications": "Hridroga, Hriddrava, Hrid- daurbalya, Moha,\nMurchha",
      "Dose": "12 - 24 ml",
      "Precaution/ Contraindication": "No Precaution, Safe to use",
      "Class": "A"
    },
    {
      "Name of Medicine": "Ashokarishta",
      "Dispensing Pack Size": "200 ml",
      "Main Indications": "Asrigdara, Shveta\nPradara,  Yoniroga",
      "Dose": "12 - 24 ml",
      "Precaution/ Contraindication": "No Precaution, Safe to use",
      "Class": "A"
    },
    {
      "Name of Medicine": "Ashvagandharisht\na",
      "Dispensing Pack Size": "200 ml",
      "Main Indications": "Murchha, Apasmara,\nShosha, Unmada, Karshya",
      "Dose": "12 - 24 ml",
      "Precaution/ Contraindication": "No Precaution, Safe to use",
      "Class": "A"
    },
    {
      "Name of Medicine": "Balarishta",
      "Dispensing Pack Size": "200 ml",
      "Main Indications": "Daurbalya, Vataroga,\nAgnimandya, Karshya",
      "Dose": "12 - 24 ml",
      "Precaution/ Contraindication": "No Precaution, Safe to use",
      "Class": "A"
    },
    {
      "Name of Medicine": "Chandanasava",
      "Dispensing Pack Size": "200 ml",
      "Main Indications": "Shukrameha,\nMutrakriccha, Hridroga",
      "Dose": "12 - 24 ml",
      "Precaution/ Contraindication": "No Precaution, Safe to use",
      "Class": "A"
    },
    {
      "Name of Medicine": "Dashamularishta",
      "Dispensing Pack Size": "200 ml",
      "Main Indications": "Vata Vyadhi, Daurbalya,\nPrasavottara roga",
      "Dose": "12 - 24 ml",
      "Precaution/ Contraindication": "No Precaution, Safe to use",
      "Class": "A"
    },
    {
      "Name of Medicine": "Drakshasava",
      "Dispensing Pack Size": "200 ml",
      "Main Indications": "Aruchi, Hridroga, Pandu\nDuarbalya, Kshaya",
      "Dose": "12 - 24 ml",
      "Precaution/ Contraindication": "No Precaution, Safe to use",
      "Class": "A"
    },
    {
      "Name of Medicine": "Draksharishta",
      "Dispensing Pack Size": "200 ml",
      "Main Indications": "Agnimandya, Kasa, Shvasa, Urahkshata, Kshaya, Malavarodha,\nDaurbalya",
      "Dose": "12 - 24 ml",
      "Precaution/ Contraindication": "No Precaution, Safe to use",
      "Class": "A"
    },
    {
      "Name of Medicine": "Jirakadyarishta",
      "Dispensing Pack Size": "200 ml",
      "Main Indications": "Sutikaroga, Agnimandya,\nAtisara,Grahaniroga",
      "Dose": "12 - 24 ml",
      "Precaution/ Contraindication": "No Precaution, Safe to use",
      "Class": "A"
    },
    {
      "Name of Medicine": "Kanakasava",
      "Dispensing Pack Size": "200 ml",
      "Main Indications": "Kasa, Shvasa, Rajayakshma,\nKshatakshina",
      "Dose": "12 - 24 ml",
      "Precaution/ Contraindication": "No Precaution, Safe to use",
      "Class": "A"
    },
    {
      "Name of Medicine": "Kumaryasava",
      "Dispensing Pack Size": "200 ml",
      "Main Indications": "Rajodushti, Krichhrartav, Paktishula,\nParinamashula,",
      "Dose": "12 - 24 ml",
      "Precaution/ Contraindication": "No Precaution, Safe to use",
      "Class": "A"
    },
    {
      "Name of Medicine": "Kutajarishta",
      "Dispensing Pack Size": "200 ml",
      "Main Indications": "Grahaniroga\u00b8 Pravahika,\nRaktatisara, Agnimandya",
      "Dose": "12 - 24 ml",
      "Precaution/ Contraindication": "No Precaution, Safe to use",
      "Class": "A"
    },
    {
      "Name of Medicine": "Khadirarishta",
      "Dispensing Pack Size": "200 ml",
      "Main Indications": "Tvak Roga, Kushtha,\nKrimi, Arbuda",
      "Dose": "12 - 24 ml",
      "Precaution/ Contraindication": "No Precaution, Safe to use",
      "Class": "A"
    },
    {
      "Name of Medicine": "Lodhrasava/Rodh\nrasava",
      "Dispensing Pack Size": "200 ml",
      "Main Indications": "Prameha, Pradara, Arsha\nGarbhasayaroga,",
      "Dose": "12 - 24 ml",
      "Precaution/ Contraindication": "No Precaution, Safe to use",
      "Class": "A"
    },
    {
      "Name of Medicine": "Lohasava",
      "Dispensing Pack Size": "200 ml",
      "Main Indications": "Pandu, Kamala, Shotha,\nHridroga, Daurbalya",
      "Dose": "12 - 24 ml",
      "Precaution/ Contraindication": "No Precaution, Safe to use",
      "Class": "A"
    },
    {
      "Name of Medicine": "Mustakarishta",
      "Dispensing Pack Size": "200 ml",
      "Main Indications": "Agnimandya, Ajirna, Grahaniroga, Visuchika",
      "Dose": "12 - 24 ml",
      "Precaution/ Contraindication": "No Precaution, Safe to use",
      "Class": "A"
    },
    {
      "Name of Medicine": "Pippalyadyasava",
      "Dispensing Pack Size": "200 ml",
      "Main Indications": "Grahaniroga, Agnimandya, Gulma,\nUdararoga,",
      "Dose": "12   -   24   ml",
      "Precaution/ Contraindication": "No Precaution, Safe to use",
      "Class": "A"
    },
    {
      "Name of Medicine": "Rohitakarishta",
      "Dispensing Pack Size": "200 ml",
      "Main Indications": "Pliha, Udararoga, Gulma,\nKamala",
      "Dose": "12   -   24   ml",
      "Precaution/ Contraindication": "No Precaution, Safe to use",
      "Class": "A"
    },
    {
      "Name of Medicine": "Sarasvatarishta",
      "Dispensing Pack Size": "200 ml",
      "Main Indications": "Apasmara, Manasa Dosha, Smritibhransha,\nUdvega",
      "Dose": "12   -   24   ml",
      "Precaution/ Contraindication": "No Precaution, Safe to use",
      "Class": "A"
    },
    {
      "Name of Medicine": "Ushirasava",
      "Dispensing Pack Size": "200 ml",
      "Main Indications": "Pittajaroga, Daha, Trisha,\nPittaja Netravyadhi",
      "Dose": "12   -   24   ml",
      "Precaution/ Contraindication": "No Precaution, Safe to use",
      "Class": "A"
    },
    {
      "Name of Medicine": "Vasakasava",
      "Dispensing Pack Size": "200 ml",
      "Main Indications": "Kasa, Shvasa, Raktapitta",
      "Dose": "12   -   24   ml",
      "Precaution/ Contraindication": "No Precaution, Safe to use",
      "Class": "A"
    },
    {
      "Name of Medicine": "Punarnavasava",
      "Dispensing Pack Size": "200 ml",
      "Main Indications": "Shotha, Pliha- Yakridroga,\nMutraroga",
      "Dose": "12   -   24   ml",
      "Precaution/ Contraindication": "No Precaution, Safe to use",
      "Class": "A"
    },
    {
      "Name of Medicine": "Arka  Yavani/Arka\nAjvayana",
      "Dispensing Pack Size": "50 ml",
      "Main Indications": "Trikshula, Agnimandya,\nAnaha,",
      "Dose": "10 -  25 ml",
      "Precaution/ Contraindication": "No Precaution, Safe to use",
      "Class": "B"
    },
    {
      "Name of Medicine": "Arka Shatpushpa/\nMishr eyarka",
      "Dispensing Pack Size": "50 ml",
      "Main Indications": "Mandagni, Adhamana,\nShula, Krimi,Yonishula",
      "Dose": "10 -  25 ml",
      "Precaution/ Contraindication": "No Precaution, Safe to use",
      "Class": "B"
    },
    {
      "Name of Medicine": "Arka Pudina",
      "Dispensing Pack Size": "50 ml",
      "Main Indications": "Chhardi, Ajirna,\nUdarashula, Agnimandya",
      "Dose": "10 -  25 ml",
      "Precaution/ Contraindication": "No Precaution, Safe to use",
      "Class": "B"
    },
    {
      "Name of Medicine": "Agastya Haritaki\n/ Agastya Rasayana",
      "Dispensing Pack Size": "100\ngm",
      "Main Indications": "Hikka, Kasa, Shvasa, Rasayana",
      "Dose": "5 -   15 gm",
      "Precaution/ Contraindication": "No Precaution, Safe to use",
      "Class": "C"
    },
    {
      "Name of Medicine": "Bilvadi Leha",
      "Dispensing Pack Size": "100\ngm",
      "Main Indications": "Jirna Pravahika, Aruchi,\nAgnimandya, Praseka, Chhardi",
      "Dose": "10 - 50 gm",
      "Precaution/ Contraindication": "No Precaution, Safe to use",
      "Class": "C"
    },
    {
      "Name of Medicine": "Brahama Rasayana",
      "Dispensing Pack Size": "100\ngm",
      "Main Indications": "Manodaurbalya, Jara,\nSmritibhransha",
      "Dose": "10-15 gm",
      "Precaution/ Contraindication": "No Precaution, Safe to use",
      "Class": "C"
    },
    {
      "Name of Medicine": "Chitraka Haritaki",
      "Dispensing Pack Size": "100\ngm",
      "Main Indications": "Pinasa, Kasa, Shvasa,",
      "Dose": "10 - 50 gm",
      "Precaution/ Contraindication": "Pregnancy, Pitta Prakriti, Paittika\nRoga",
      "Class": "C"
    },
    {
      "Name of Medicine": "Chyavanprash\nAvaleha",
      "Dispensing Pack Size": "100\ngm",
      "Main Indications": "Kasa,Shvasa, Rasayana",
      "Dose": "12-24 gm",
      "Precaution/ Contraindication": "No Precaution, Safe to use",
      "Class": "C"
    },
    {
      "Name of Medicine": "Drakshavaleha",
      "Dispensing Pack Size": "100\ngm",
      "Main Indications": "Pandu, Kamala, Halimaka, Daurbalya,\nKshaya",
      "Dose": "6-12 gm",
      "Precaution/ Contraindication": "No Precaution, Safe to use",
      "Class": "C"
    },
    {
      "Name of Medicine": "Haridrakhanda\nPaka",
      "Dispensing Pack Size": "100\ngm",
      "Main Indications": "Shitapitta, Kandu\nVisphota, Dadru,Udarda, Kotha",
      "Dose": "6 gm",
      "Precaution/ Contraindication": "No Precaution, Safe to use",
      "Class": "C"
    },
    {
      "Name of Medicine": "Kutajavaleha",
      "Dispensing Pack Size": "100\ngm",
      "Main Indications": "Atisara, Grahaniroga,\nPravahika",
      "Dose": "6 -12 gm",
      "Precaution/ Contraindication": "No Precaution, Safe to use",
      "Class": "C"
    },
    {
      "Name of Medicine": "Kalyanak Guda",
      "Dispensing Pack Size": "100\ngm",
      "Main Indications": "Udararoga, Gulma,\nBhagandar, Arsha",
      "Dose": "6-12 gm",
      "Precaution/ Contraindication": "No Precaution, Safe to use",
      "Class": "C"
    },
    {
      "Name of Medicine": "Kantakaryavaleha",
      "Dispensing Pack Size": "100\ngm",
      "Main Indications": "Hikka, Kasa, Shvasa, Jirna Pratishaya,\nParshvashula",
      "Dose": "6-12 gm",
      "Precaution/ Contraindication": "No Precaution, Safe to use",
      "Class": "C"
    },
    {
      "Name of Medicine": "Kushmandaka Rasayana",
      "Dispensing Pack Size": "100\ngm",
      "Main Indications": "Kasa, Shvasa, Urahkshata, Kshaya,\nRaktapitta, Amlapitta",
      "Dose": "6-12 gm",
      "Precaution/ Contraindication": "No Precaution, Safe to use",
      "Class": "C"
    },
    {
      "Name of Medicine": "Puga Khanda/ Supari Paka",
      "Dispensing Pack Size": "100\ngm",
      "Main Indications": "Vandhyaroga, Pradara, Somaroga, Garbhadosha,\nDaurbalya",
      "Dose": "6-12 gm",
      "Precaution/ Contraindication": "No Precaution, Safe to use",
      "Class": "C"
    },
    {
      "Name of Medicine": "Saubhagyashunthi Paka",
      "Dispensing Pack Size": "100\ngm",
      "Main Indications": "Prasavottara Lakshana, Sutikaroga,\nAgnimandya,",
      "Dose": "10-50 gm",
      "Precaution/ Contraindication": "No Precaution, Safe to use",
      "Class": "C"
    },
    {
      "Name of Medicine": "Shatavariguda",
      "Dispensing Pack Size": "100\ngm",
      "Main Indications": "Rajodosha, Yonidosha, Asrigdara, Padadaha,\nKarshya",
      "Dose": "6 -12 gm",
      "Precaution/ Contraindication": "No Precaution, Safe to use",
      "Class": "C"
    },
    {
      "Name of Medicine": "Vasavaleha",
      "Dispensing Pack Size": "100\ngm",
      "Main Indications": "Kasa , Shvasa, Jvara,\nParshvashula",
      "Dose": "6-12 gm",
      "Precaution/ Contraindication": "Pregnancy",
      "Class": "C"
    },
    {
      "Name of Medicine": "Vyaghri Haritaki",
      "Dispensing Pack Size": "100\ngm",
      "Main Indications": "Kasa, Shvasa,\nSvarakshaya, Pratishyaya, Pinasa",
      "Dose": "6-12 gm",
      "Precaution/ Contraindication": "Pregnancy",
      "Class": "C"
    },
    {
      "Name of Medicine": "Punarnavadi Kashayam",
      "Dispensing Pack Size": "100\ngm",
      "Main Indications": "Jvara, Kasa, Shotha",
      "Dose": "6-12 gm",
      "Precaution/ Contraindication": "No Precaution, Safe to use",
      "Class": "D"
    },
    {
      "Name of Medicine": "Vyaghryadi Kashayam",
      "Dispensing Pack Size": "100\ngm",
      "Main Indications": "Jvara, Kasa, Pinasa",
      "Dose": "6-12 gm",
      "Precaution/ Contraindication": "No Precaution, Safe to use",
      "Class": "D"
    },
    {
      "Name of Medicine": "Dashamula Kvatha Churna",
      "Dispensing Pack Size": "100\ngm",
      "Main Indications": "Jvara, Sutikadosha, Shula, Shotha, Vatavyadhi",
      "Dose": "25-50 ml",
      "Precaution/ Contraindication": "Rasaksh aya, Bahumu\ntrata",
      "Class": "D"
    },
    {
      "Name of Medicine": "Dashmula Katutraya\nKvatha Churna",
      "Dispensing Pack Size": "100\ngm",
      "Main Indications": "Shvasa,Kasa,Parshva\nshula, Vataroga",
      "Dose": "25-50 ml",
      "Precaution/ Contraindication": "No Precaution, Safe to use",
      "Class": "D"
    },
    {
      "Name of Medicine": "Dhanyapanchaka\nKashaya Churna",
      "Dispensing Pack Size": "100\ngm",
      "Main Indications": "Amashula, Amatisara,\nAgnimandya, Aruchi",
      "Dose": "25-50 ml",
      "Precaution/ Contraindication": "No Precaution, Safe to use",
      "Class": "D"
    },
    {
      "Name of Medicine": "Guduchyadi Kashaya\nChurna",
      "Dispensing Pack Size": "100gm",
      "Main Indications": "Agnimandhya, Pitta\nDushti, Jvara",
      "Dose": "25-50 ml",
      "Precaution/ Contraindication": "No Precaution, Safe to use",
      "Class": "D"
    },
    {
      "Name of Medicine": "Indukantam\nKashayam Churna",
      "Dispensing Pack Size": "100\ngm",
      "Main Indications": "Vata Roga,Kshaya",
      "Dose": "25-50 ml",
      "Precaution/ Contraindication": "No Precaution, Safe to use",
      "Class": "D"
    },
    {
      "Name of Medicine": "Pancha-valkala Kashaya Churna",
      "Dispensing Pack Size": "100\ngm",
      "Main Indications": "Vranashotha,Upadan sha, Shveta Pradara",
      "Dose": "100 ml Kvatha for washing wound/\nvaginal douche",
      "Precaution/ Contraindication": "No Precaution, Safe to use",
      "Class": "D"
    },
    {
      "Name of Medicine": "Pathyadi Kvatha(Shadanga) Churna",
      "Dispensing Pack Size": "100\ngm",
      "Main Indications": "Shiroroga, Bhru- shankha-Karna Shula, Ardhavbhedaka,\nSuryavarta",
      "Dose": "25-50 ml",
      "Precaution/ Contraindication": "Chhardi, Atisara, Ativirechanajanya Rasakshaya, Vataprakopa",
      "Class": "D"
    },
    {
      "Name of Medicine": "Phalatrikadi Kvatha Churna",
      "Dispensing Pack Size": "100\ngm",
      "Main Indications": "Kamala, Pandu",
      "Dose": "25-50 ml",
      "Precaution/ Contraindication": "Chhardi, Atisara, Ativirec hana janya Rasaksh aya, Vatapra\nkopa",
      "Class": "D"
    },
    {
      "Name of Medicine": "Rasnasaptaka Kashaya Churna",
      "Dispensing Pack Size": "100\ngm",
      "Main Indications": "Janghashula, Urushula, Parshvashula, Trikshula, Prishashula",
      "Dose": "25-50 ml",
      "Precaution/ Contraindication": "Concom itant use of Eranda Taila in\nGarbhini",
      "Class": "D"
    },
    {
      "Name of Medicine": "Shadanga Kvatha Churna",
      "Dispensing Pack Size": "100\ngm",
      "Main Indications": "Trishna,Jvara",
      "Dose": "25-50 ml",
      "Precaution/ Contraindication": "Nausea\ndue to bitterness",
      "Class": "D"
    },
    {
      "Name of Medicine": "Trinapanchamula\nKvatha Churna",
      "Dispensing Pack Size": "100\ngm",
      "Main Indications": "Mutrakricchra",
      "Dose": "25-50 ml",
      "Precaution/ Contraindication": "No Precaution, Safe to use",
      "Class": "D"
    },
    {
      "Name of Medicine": "Varunadi Kvatha Churna",
      "Dispensing Pack Size": "100\ngm",
      "Main Indications": "Ashmari, Mutrasthila",
      "Dose": "25-50 ml",
      "Precaution/ Contraindication": "No Precaution, Safe to use",
      "Class": "D"
    },
    {
      "Name of Medicine": "Vasaguduchyadi\nKashaya Churna",
      "Dispensing Pack Size": "100gm",
      "Main Indications": "Pandu, Raktapitta",
      "Dose": "25-50 ml",
      "Precaution/ Contraindication": "No Precaution, Safe to use",
      "Class": "D"
    },
    {
      "Name of Medicine": "Amritadi Guggulu",
      "Dispensing Pack Size": "10 gm",
      "Main Indications": "Vata Rakta,\nDushtavrana, Charma Vikara",
      "Dose": "500 mg - 1\ngm",
      "Precaution/ Contraindication": "Long term\nuse in pregnancy",
      "Class": "E"
    },
    {
      "Name of Medicine": "Gokshuradi Guggulu",
      "Dispensing Pack Size": "10 gm",
      "Main Indications": "Prameha, Mutrakricchra, Mutraghata, Ashmari,\nPradara",
      "Dose": "500 mg  - 1\ngm",
      "Precaution/ Contraindication": "Long term use in pregnancy",
      "Class": "E"
    },
    {
      "Name of Medicine": "Kanchanara Guggulu",
      "Dispensing Pack Size": "10 gm",
      "Main Indications": "Galaganda, Gandamala, Apachi, Arbuda, Granthi",
      "Dose": "500 mg  - 1\ngm",
      "Precaution/ Contraindication": "Long term\nuse in pregnancy",
      "Class": "E"
    },
    {
      "Name of Medicine": "Kaishora Guggulu",
      "Dispensing Pack Size": "10 gm",
      "Main Indications": "Vatashonita, Pramehapidika, Vrana,\nKustha",
      "Dose": "Up - 3 gm",
      "Precaution/ Contraindication": "Long term use in\npregnancy",
      "Class": "E"
    },
    {
      "Name of Medicine": "Lakshadi Guggulu",
      "Dispensing Pack Size": "10 gm",
      "Main Indications": "Asthibhagna, Asthichyuti, Asthiruja",
      "Dose": "Up - 3 gm",
      "Precaution/ Contraindication": "Long term\nuse in pregnancy",
      "Class": "E"
    },
    {
      "Name of Medicine": "Navak Guggulu",
      "Dispensing Pack Size": "10 gm",
      "Main Indications": "Sthaulya, Sandhigata Vata",
      "Dose": "500 mg  - 1 gm",
      "Precaution/ Contraindication": "Long term use in\npregnancy",
      "Class": "E"
    },
    {
      "Name of Medicine": "Rasna Guggulu",
      "Dispensing Pack Size": "10 gm",
      "Main Indications": "Gridhrasi, Amavata",
      "Dose": "500 mg  - 1 gm",
      "Precaution/ Contraindication": "Long term use in\npregnancy",
      "Class": "E"
    },
    {
      "Name of Medicine": "Simhanada Guggulu",
      "Dispensing Pack Size": "10 gm",
      "Main Indications": "Amavata, Vatarakta, Sandhi Shula,\nAgnimandya",
      "Dose": "Up to 3 gm in divided doses",
      "Precaution/ Contraindication": "Pregnancy",
      "Class": "E"
    },
    {
      "Name of Medicine": "Saptavinshati\nGuggulu",
      "Dispensing Pack Size": "10 gm",
      "Main Indications": "Parshvashula,Kasa\nShvasa, Hritshula",
      "Dose": "Up to 3 gm in divided\ndoses",
      "Precaution/ Contraindication": "Pregnancy",
      "Class": "E"
    },
    {
      "Name of Medicine": "Triphala Guggulu",
      "Dispensing Pack Size": "10 gm",
      "Main Indications": "Bhagandara, Arsha, Nadi Vrana, Gulma, Shotha",
      "Dose": "Up to 3 gm in divided doses",
      "Precaution/ Contraindication": "Pregnancy Chronic or recurrent\ndiarrhoea",
      "Class": "E"
    },
    {
      "Name of Medicine": "Trayodashanga\nGuggulu",
      "Dispensing Pack Size": "10 gm",
      "Main Indications": "Gridhrasi,\nSandhigraha, Katigraha",
      "Dose": "Up to 3 gm in\ndivided doses",
      "Precaution/ Contraindication": "Pregnancy",
      "Class": "E"
    },
    {
      "Name of Medicine": "Punarnava Guggulu",
      "Dispensing Pack Size": "10 gm",
      "Main Indications": "Vatarakta, Vriddhiroga, Gridhrasi,Vastigatas\nhula, Amavata",
      "Dose": "Up to 3 gm in divided doses",
      "Precaution/ Contraindication": "Pregnancy",
      "Class": "E"
    },
    {
      "Name of Medicine": "Yogaraja Guggulu",
      "Dispensing Pack Size": "10 gm",
      "Main Indications": "Amavata, Agnimandya, Sandhigatavata",
      "Dose": "Up to 3 gm in divided doses",
      "Precaution/ Contraindication": "Pregnancy",
      "Class": "E"
    },
    {
      "Name of Medicine": "Brahmi Ghrita",
      "Dispensing Pack Size": "100 gm",
      "Main Indications": "Apasmara, Unmada, Smritikshaya,\nBudhidaurbalya",
      "Dose": "10 - 15 gm",
      "Precaution/ Contraindication": "No Precaution, Safe to use",
      "Class": "F"
    },
    {
      "Name of Medicine": "Dadimadi Ghrita",
      "Dispensing Pack Size": "100 gm",
      "Main Indications": "Pandu,  Parinamshula,\nAgnimandya",
      "Dose": "10-15 gm",
      "Precaution/ Contraindication": "No Precaution, Safe to use",
      "Class": "F"
    },
    {
      "Name of Medicine": "Guggulutiktaka Ghrita",
      "Dispensing Pack Size": "100gm",
      "Main Indications": "Vata Roga",
      "Dose": "5-10 gm",
      "Precaution/ Contraindication": "No Precaution, Safe to use",
      "Class": "F"
    },
    {
      "Name of Medicine": "Jathyadi Ghrita",
      "Dispensing Pack Size": "100gm",
      "Main Indications": "Vrana, Dagdha Vrana",
      "Dose": "To be applied on affected part",
      "Precaution/ Contraindication": "No Precaution, Safe to use",
      "Class": "F"
    },
    {
      "Name of Medicine": "Kalyanaka Ghrita",
      "Dispensing Pack Size": "100 gm",
      "Main Indications": "Bhutonmada, Apsmara,Balagraha, Visavikara, Garavisha,\nSmritidaurbalya",
      "Dose": "10-15 gm",
      "Precaution/ Contraindication": "No Precaution, Safe to use",
      "Class": "F"
    },
    {
      "Name of Medicine": "Kshirashatpala\nGhrita",
      "Dispensing Pack Size": "100 gm",
      "Main Indications": "Gulma, Grahaniroga,\nPliha",
      "Dose": "Up to 50 gm",
      "Precaution/ Contraindication": "No Precaution, Safe to use",
      "Class": "F"
    },
    {
      "Name of Medicine": "Panchatikta Ghrita",
      "Dispensing Pack Size": "100 gm",
      "Main Indications": "Dushtavrana, Tvak\nVikara",
      "Dose": "5-10 gm",
      "Precaution/ Contraindication": "No Precaution, Safe to use",
      "Class": "F"
    },
    {
      "Name of Medicine": "Phala Ghrita",
      "Dispensing Pack Size": "100 gm",
      "Main Indications": "Yonivyapat",
      "Dose": "10-15 gm",
      "Precaution/ Contraindication": "No Precaution, Safe to use",
      "Class": "F"
    },
    {
      "Name of Medicine": "Shatavaryadi Ghrita",
      "Dispensing Pack Size": "100 gm",
      "Main Indications": "Mutraghata",
      "Dose": "10-15 gm",
      "Precaution/ Contraindication": "No Precaution, Safe to use",
      "Class": "F"
    },
    {
      "Name of Medicine": "Sukumar Ghrita",
      "Dispensing Pack Size": "100 gm",
      "Main Indications": "Vidvibandha, Udararoga, Gulma,\nYonishula,  Pliharoga",
      "Dose": "10-15 gm",
      "Precaution/ Contraindication": "No Precaution, Safe to use",
      "Class": "F"
    },
    {
      "Name of Medicine": "Indu kanta Ghrita",
      "Dispensing Pack Size": "100 gm",
      "Main Indications": "Shula, Udara, Vishama\nJvara",
      "Dose": "10-15 gm",
      "Precaution/ Contraindication": "No Precaution, Safe to use",
      "Class": "F"
    },
    {
      "Name of Medicine": "Tiktaka Ghrita",
      "Dispensing Pack Size": "100 gm",
      "Main Indications": "Tvakroga",
      "Dose": "10-15 gm",
      "Precaution/ Contraindication": "No Precaution, Safe to use",
      "Class": "F"
    },
    {
      "Name of Medicine": "Triphala Ghrita",
      "Dispensing Pack Size": "100 gm",
      "Main Indications": "Kamala, Timira, Netraroga, Visarpa,\nKhalitya",
      "Dose": "10-15 gm",
      "Precaution/ Contraindication": "No Precaution, Safe to use",
      "Class": "F"
    },
    {
      "Name of Medicine": "Ajamodadi\nChurna",
      "Dispensing Pack Size": "25 gm",
      "Main Indications": "Shula, Gridhrasi,\nAmvata",
      "Dose": "3-6 gm",
      "Precaution/ Contraindication": "No Precaution, Safe to use",
      "Class": "G"
    },
    {
      "Name of Medicine": "Avipattikara Churna",
      "Dispensing Pack Size": "50 gm",
      "Main Indications": "Amlapitta,\nVidagdhajirna",
      "Dose": "3-6 gm",
      "Precaution/ Contraindication": "No Precaution, Safe to use",
      "Class": "G"
    },
    {
      "Name of Medicine": "Balachaturbhadra\nChurna",
      "Dispensing Pack Size": "25 gm",
      "Main Indications": "Jvara, Atisara, Bala\nShosha",
      "Dose": "250 - 500 mg",
      "Precaution/ Contraindication": "No Precaution, Safe to use",
      "Class": "G"
    },
    {
      "Name of Medicine": "Bilvadi Churna",
      "Dispensing Pack Size": "50 gm",
      "Main Indications": "Shotha,Shula Yukta\nBradhna",
      "Dose": "3-6 gm",
      "Precaution/ Contraindication": "No Precaution, Safe to use",
      "Class": "G"
    },
    {
      "Name of Medicine": "Dadimastak Churna",
      "Dispensing Pack Size": "50 gm",
      "Main Indications": "Grahaniroga, Atisara,\nAruchi",
      "Dose": "3-6 gm",
      "Precaution/ Contraindication": "No Precaution, Safe to use",
      "Class": "G"
    },
    {
      "Name of Medicine": "Dashanasanskara\nChurna",
      "Dispensing Pack Size": "50 gm",
      "Main Indications": "Mukha Roga, Danta\nRoga",
      "Dose": "Use as tooth powder",
      "Precaution/ Contraindication": "No Precaution, Safe to use",
      "Class": "G"
    },
    {
      "Name of Medicine": "Eladi Churna",
      "Dispensing Pack Size": "25 gm",
      "Main Indications": "Kasa, Shvasa",
      "Dose": "2 -4 gm",
      "Precaution/ Contraindication": "No Precaution, Safe to use",
      "Class": "G"
    },
    {
      "Name of Medicine": "Hingvashtaka\nChurna",
      "Dispensing Pack Size": "50 gm",
      "Main Indications": "Agnimandya, Shula,\nGulma,Vataroga",
      "Dose": "2- 4 gm",
      "Precaution/ Contraindication": "No Precaution, Safe to use",
      "Class": "G"
    },
    {
      "Name of Medicine": "Lavanabhaskara Churna/ Bhaskarlavan churna",
      "Dispensing Pack Size": "50 gm",
      "Main Indications": "Agnimandya, Gulma, Ajirna, Grahaniroga, Vatakaphajaroga,",
      "Dose": "3-6 gm",
      "Precaution/ Contraindication": "Shotha, Jalodara, hyperten sion, long\nterm use",
      "Class": "G"
    },
    {
      "Name of Medicine": "Nisha-Amalaki\nChurna",
      "Dispensing Pack Size": "50 gm",
      "Main Indications": "Prameha, Madhumeha",
      "Dose": "3-6 gm",
      "Precaution/ Contraindication": "No Precaution, Safe to use",
      "Class": "G"
    },
    {
      "Name of Medicine": "Pushyanuga Churna",
      "Dispensing Pack Size": "25 gm",
      "Main Indications": "Raktapradara,\nShwetapradara, Raktarsha",
      "Dose": "2-3 gm",
      "Precaution/ Contraindication": "No Precaution, Safe to use",
      "Class": "G"
    },
    {
      "Name of Medicine": "Panchanimba Churna",
      "Dispensing Pack Size": "25 gm",
      "Main Indications": "Kshudrakushtha, Mahakushtha,\nRaktadushti",
      "Dose": "3- 5 gm",
      "Precaution/ Contraindication": "No Precaution, Safe to use",
      "Class": "G"
    },
    {
      "Name of Medicine": "Sitopaladi Churna",
      "Dispensing Pack Size": "25 gm",
      "Main Indications": "Shvasa, Kasa, Kshaya,\nUrdhvaga  Raktapitta",
      "Dose": "2-3gm",
      "Precaution/ Contraindication": "No Precaution, Safe to use",
      "Class": "G"
    },
    {
      "Name of Medicine": "Talishadya Churna",
      "Dispensing Pack Size": "25 gm",
      "Main Indications": "Kasa, Shvasa,\nPratishyaya, Jvara",
      "Dose": "2-4 gm",
      "Precaution/ Contraindication": "No Precaution, Safe to use",
      "Class": "G"
    },
    {
      "Name of Medicine": "Trikatu Churna",
      "Dispensing Pack Size": "25 gm",
      "Main Indications": "Arochaka, Ama, Agnimandya",
      "Dose": "1-2 gm",
      "Precaution/ Contraindication": "Paittika Vikara or Prakriti, Raktaj Roga, pregnancy\n, long\nterm use",
      "Class": "G"
    },
    {
      "Name of Medicine": "Triphala Churna",
      "Dispensing Pack Size": "50 gm",
      "Main Indications": "Anaha, Prameha,\nNetraroga",
      "Dose": "3-6 gm",
      "Precaution/ Contraindication": "Dehydra\n-tion",
      "Class": "G"
    },
    {
      "Name of Medicine": "Jatiphaladya Churna",
      "Dispensing Pack Size": "25 gm",
      "Main Indications": "Atisara, Pravahika, Vatashlaismika Pratishyaya",
      "Dose": "1-3 gm",
      "Precaution/ Contraindication": "Infantile, diarrhea, long term\nuse",
      "Class": "G"
    },
    {
      "Name of Medicine": "Amalaki Churna",
      "Dispensing Pack Size": "50 gm",
      "Main Indications": "Prameha, Raktapitta,\nAmlapitta,Daha",
      "Dose": "3-6 gm",
      "Precaution/ Contraindication": "No Precaution, Safe to use",
      "Class": "H"
    },
    {
      "Name of Medicine": "Arjuna Churna",
      "Dispensing Pack Size": "50 gm",
      "Main Indications": "Hridroga, Prameha",
      "Dose": "3-6 gm",
      "Precaution/ Contraindication": "No Precaution, Safe to use",
      "Class": "H"
    },
    {
      "Name of Medicine": "Ashvagandha Churna",
      "Dispensing Pack Size": "50 gm",
      "Main Indications": "Kshaya, Daurbalya, Vatroga,Klaivya",
      "Dose": "3-6 gm",
      "Precaution/ Contraindication": "Long term use may increase blood\npressure",
      "Class": "H"
    },
    {
      "Name of Medicine": "Gokshura Churna",
      "Dispensing Pack Size": "50 gm",
      "Main Indications": "Mutraghata,\nMutrashmari, Vrishya, Rasayana",
      "Dose": "2-5 gm",
      "Precaution/ Contraindication": "No Precaution, Safe to use",
      "Class": "H"
    },
    {
      "Name of Medicine": "Guduchi Churna",
      "Dispensing Pack Size": "50 gm",
      "Main Indications": "Kushtha, Jvara,Vatarakta,Kam\nala,Pandu, Prameha",
      "Dose": "3-6 gm",
      "Precaution/ Contraindication": "No Precaution, Safe to use",
      "Class": "H"
    },
    {
      "Name of Medicine": "Haritaki Churna",
      "Dispensing Pack Size": "50 gm",
      "Main Indications": "Vibandha, Udararoga",
      "Dose": "3-6 gm",
      "Precaution/ Contraindication": "Debility, pregnancy, dehydration\n, Paittika Roga,",
      "Class": "H"
    },
    {
      "Name of Medicine": "Pippali Churna",
      "Dispensing Pack Size": "25 gm",
      "Main Indications": "Rasayana, Jvara, Shvasa, Kasa",
      "Dose": "1-2 gm",
      "Precaution/ Contraindication": "Long term use in higher\ndoses",
      "Class": "H"
    },
    {
      "Name of Medicine": "Pippali mula Churna",
      "Dispensing Pack Size": "25 gm",
      "Main Indications": "Udararoga, Anaha,\nGulma, Shiroroga",
      "Dose": "500mg -1 gm",
      "Precaution/ Contraindication": "No Precaution, Safe to use",
      "Class": "H"
    },
    {
      "Name of Medicine": "Punarnava Churna",
      "Dispensing Pack Size": "50 gm",
      "Main Indications": "Shotha, Pandu",
      "Dose": "2-3 gm",
      "Precaution/ Contraindication": "No Precaution, Safe to use",
      "Class": "H"
    },
    {
      "Name of Medicine": "Shunthi Churna",
      "Dispensing Pack Size": "25 gm",
      "Main Indications": "Amavata, Agnimandya\nUdararoga,Shvasa",
      "Dose": "2- 3 gm",
      "Precaution/ Contraindication": "No Precaution, Safe to use",
      "Class": "H"
    },
    {
      "Name of Medicine": "Sarasvata Churna",
      "Dispensing Pack Size": "25 gm",
      "Main Indications": "Medhya, Smriti and\nBuddhi Vardhaka",
      "Dose": "1-2 gm",
      "Precaution/ Contraindication": "No Precaution, Safe to use",
      "Class": "H"
    },
    {
      "Name of Medicine": "Trivritamul Churna / Trivrita Churna",
      "Dispensing Pack Size": "25 gm",
      "Main Indications": "Malabandha, Gulma, Udararoga",
      "Dose": "2-3gm",
      "Precaution/ Contraindication": "Dehydrat ion, malnutrit ion,  long\nterm use",
      "Class": "H"
    },
    {
      "Name of Medicine": "Vidanga Churna",
      "Dispensing Pack Size": "50 gm",
      "Main Indications": "Krimiroga, Medoroga",
      "Dose": "5-10  gm",
      "Precaution/ Contraindication": "May prevent or disrupt\nconception",
      "Class": "H"
    },
    {
      "Name of Medicine": "Yashtimadhu/ Madhuyashti/ Yashti Churna",
      "Dispensing Pack Size": "50 gm",
      "Main Indications": "Rasayana,Kasa, Shvasa, Vranaropana, Kshaya, Svarbheda",
      "Dose": "Up to 12 gm",
      "Precaution/ Contraindication": "Obesity, hypertensio\nn, oedema, long term use",
      "Class": "H"
    },
    {
      "Name of Medicine": "Anutaila",
      "Dispensing Pack Size": "10 ml",
      "Main Indications": "Urdhvajatrugataroga,\nPalitya",
      "Dose": "2-10 drops for  nasal\nadministration",
      "Precaution/ Contraindication": "No Precaution, Safe to use",
      "Class": "I"
    },
    {
      "Name of Medicine": "Apamargkshara\nTaila",
      "Dispensing Pack Size": "10 ml",
      "Main Indications": "Badhirya, Karnanada,\nKarnagutha",
      "Dose": "2-5 drops in each ear",
      "Precaution/ Contraindication": "No Precaution, Safe to use",
      "Class": "I"
    },
    {
      "Name of Medicine": "Bala Taila",
      "Dispensing Pack Size": "50 ml",
      "Main Indications": "Kshata,Kshaya, Vatavyadhi, Shosha,\nGulma",
      "Dose": "For Abhyanga",
      "Precaution/ Contraindication": "No Precaution, Safe to use",
      "Class": "I"
    },
    {
      "Name of Medicine": "Balashvagandhadi\nTaila",
      "Dispensing Pack Size": "50 ml",
      "Main Indications": "Balaroga",
      "Dose": "For Jwara",
      "Precaution/ Contraindication": "No Precaution, Safe to use",
      "Class": "I"
    },
    {
      "Name of Medicine": "Bhringaraja Tail",
      "Dispensing Pack Size": "50 ml",
      "Main Indications": "Keshapata, Shiroroga, Khalitya, Indralupta",
      "Dose": "For Nasya, Shiroabhyanga,\nKavalgraha",
      "Precaution/ Contraindication": "No Precaution, Safe to use",
      "Class": "I"
    },
    {
      "Name of Medicine": "Dhanvantar Taila/Dhanvantar\nTaila Avarti",
      "Dispensing Pack Size": "10 ml",
      "Main Indications": "Vataroga, Pakshavadha, Dhatukshaya,\nSutikaroga, Balaroga",
      "Dose": "10-30 drops for internal use",
      "Precaution/ Contraindication": "Amadosh a",
      "Class": "I"
    },
    {
      "Name of Medicine": "Eranda Taila",
      "Dispensing Pack Size": "50 ml",
      "Main Indications": "Vatavikara,Gridhrasi, Vibandha, Katishula",
      "Dose": "10-30 ml",
      "Precaution/ Contraindication": "Peri- conceptio n period, long term use in\npregnancy",
      "Class": "I"
    },
    {
      "Name of Medicine": "Erimedadi Taila",
      "Dispensing Pack Size": "25 ml",
      "Main Indications": "Mukha Roga , Dantaroga",
      "Dose": "For Kavalgraha, Pratisarana, Nasya,\nShirodharana",
      "Precaution/ Contraindication": "No Precaution, Safe to use",
      "Class": "I"
    },
    {
      "Name of Medicine": "Gandharvahasta Taila",
      "Dispensing Pack Size": "50 ml",
      "Main Indications": "Vidradhi, Udara, Mahavataroga, Gulma,\nUdavarta",
      "Dose": "6-12 ml",
      "Precaution/ Contraindication": "Ajirna, Amavast\nha",
      "Class": "I"
    },
    {
      "Name of Medicine": "Jatyadi Taila",
      "Dispensing Pack Size": "25 ml",
      "Main Indications": "Vrana, Vranashotha",
      "Dose": "Application on wound\nor injury",
      "Precaution/ Contraindication": "No Precaution, Safe to use",
      "Class": "I"
    },
    {
      "Name of Medicine": "Kshirbala Taila / Kshirbala Taila Avarti (Shatapaki)",
      "Dispensing Pack Size": "50 ml",
      "Main Indications": "Vatarakta, Vataroga, Sukradosha, Rajodosha, Karshya",
      "Dose": "Internal  use: 10-\n12 ml External use:\nAbhyanga and Nasya",
      "Precaution/ Contraindication": "No Precaution, Safe to use",
      "Class": "I"
    },
    {
      "Name of Medicine": "Kottamachukkadi\nTaila",
      "Dispensing Pack Size": "50 ml",
      "Main Indications": "Vataroga, Amavata,\nAngasthambha",
      "Dose": "For Abhyanga",
      "Precaution/ Contraindication": "No Precaution, Safe to use",
      "Class": "I"
    },
    {
      "Name of Medicine": "Karpuradi Taila",
      "Dispensing Pack Size": "50 ml",
      "Main Indications": "Khalli, Angavedana,\nSandhivedana",
      "Dose": "For Abhyanga",
      "Precaution/ Contraindication": "No Precaution, Safe to use",
      "Class": "I"
    },
    {
      "Name of Medicine": "Kasisadi Taila",
      "Dispensing Pack Size": "25 ml",
      "Main Indications": "Arsha",
      "Dose": "External use for\nArshankura",
      "Precaution/ Contraindication": "No Precaution, Safe to use",
      "Class": "I"
    },
    {
      "Name of Medicine": "Laghuvishagarbha\nTaila",
      "Dispensing Pack Size": "50 ml",
      "Main Indications": "Vataroga, Pakshaghat,",
      "Dose": "For Abhyanga",
      "Precaution/ Contraindication": "No Precaution, Safe to use",
      "Class": "I"
    },
    {
      "Name of Medicine": "Marichyadi Taila",
      "Dispensing Pack Size": "25 ml",
      "Main Indications": "Kandu, Vicharchika",
      "Dose": "Application on\naffected part",
      "Precaution/ Contraindication": "No Precaution, Safe to use",
      "Class": "I"
    },
    {
      "Name of Medicine": "Mahanarayan Taila",
      "Dispensing Pack Size": "50 ml",
      "Main Indications": "Vataroga, Pakshaghata,\nArdita, Vandhyatva",
      "Dose": "For Abhyanga, Nasya,\nAnuvasana Vasti",
      "Precaution/ Contraindication": "No Precaution, Safe to use",
      "Class": "I"
    },
    {
      "Name of Medicine": "Brihanmasha Taila\n/Mahamash Taila",
      "Dispensing Pack Size": "50 ml",
      "Main Indications": "Ardita , Shirokampa, Vidradhi, Bahushosha,\nAvabahuka",
      "Dose": "For Abhyanga",
      "Precaution/ Contraindication": "No Precaution, Safe to use",
      "Class": "I"
    },
    {
      "Name of Medicine": "Murivenna Tail",
      "Dispensing Pack Size": "50 ml",
      "Main Indications": "Abhighataja Vedana\nand Vata Vikara",
      "Dose": "For Abhyanga",
      "Precaution/ Contraindication": "No Precaution, Safe to use",
      "Class": "I"
    },
    {
      "Name of Medicine": "Narayana Taila",
      "Dispensing Pack Size": "50 ml",
      "Main Indications": "Vataroga, Pangu, Shirogatavata, Manyastambha,\nHanustambha",
      "Dose": "Internal  use: 6 gm External use: f Nasya, Abhyanga and\nAnuvasana Vasti",
      "Precaution/ Contraindication": "No Precaution, Safe to use",
      "Class": "I"
    },
    {
      "Name of Medicine": "Nalpamaradi Taila",
      "Dispensing Pack Size": "25 ml",
      "Main Indications": "Tvakroga, Kushta,\nPama, Kandu",
      "Dose": "For  Pratisarana,\nAbhyanga",
      "Precaution/ Contraindication": "No Precaution, Safe to use",
      "Class": "I"
    },
    {
      "Name of Medicine": "Nirgundi Taila",
      "Dispensing Pack Size": "25 ml",
      "Main Indications": "Nadivrana, Pama, Apachi, Gandamala, Galaganda",
      "Dose": "Internal  use: 15- 30 ml\nExternal use: Abhyanga and 2-6 drops for Nasya or\nKarnapuran",
      "Precaution/ Contraindication": "No Precaution, Safe to use",
      "Class": "I"
    },
    {
      "Name of Medicine": "Panchaguna Taila",
      "Dispensing Pack Size": "50 ml",
      "Main Indications": "Sandhigatvata, Karnashula,Vrana",
      "Dose": "For Abhyanga, wound dressing Karnapurana\nor Karnabindu",
      "Precaution/ Contraindication": "No Precaution, Safe to use",
      "Class": "I"
    },
    {
      "Name of Medicine": "Pinda Taila",
      "Dispensing Pack Size": "50 ml",
      "Main Indications": "Vataraktaruja, Daha",
      "Dose": "Used externally for\nAbhyanga",
      "Precaution/ Contraindication": "No Precaution, Safe to use",
      "Class": "I"
    },
    {
      "Name of Medicine": "Prasarini Taila",
      "Dispensing Pack Size": "50 ml",
      "Main Indications": "Vataroga,Gridhrasi, Khanja, Panguvata",
      "Dose": "For Abhyanga over affected body part",
      "Precaution/ Contraindication": "Not to be used in Guda roga, Krisha rogi, Ajirna, Vamit, Kritnasy a,\nVirikta",
      "Class": "I"
    },
    {
      "Name of Medicine": "Sahacharadi Taila/ Brihatsahcharadi Taila",
      "Dispensing Pack Size": "50 ml",
      "Main Indications": "Vatavyadhi, Kampa, Unmada, Pinasa, Yoniroga, Akshepa",
      "Dose": "Internal  use: 6-12 ml\nExternal use for Abhyanga",
      "Precaution/ Contraindication": "No Precaution, Safe to use",
      "Class": "I"
    },
    {
      "Name of Medicine": "Saindhavadi Taila",
      "Dispensing Pack Size": "50 ml",
      "Main Indications": "Kaphavataja Nadivrana,",
      "Dose": "For Abhyanga",
      "Precaution/ Contraindication": "No Precaution, Safe to use",
      "Class": "I"
    },
    {
      "Name of Medicine": "Shadabindu Taila",
      "Dispensing Pack Size": "10 ml",
      "Main Indications": "Drishtidaurbalya, Keshashata, Shiroroga,",
      "Dose": "For Nasya, Kavalgraha,\nAbhyanga, Shiroabhyanga",
      "Precaution/ Contraindication": "No Precaution, Safe to use",
      "Class": "I"
    },
    {
      "Name of Medicine": "Somaraji Taila\n/Bakuchi Taila",
      "Dispensing Pack Size": "25 ml",
      "Main Indications": "Shvitra, Kushtha",
      "Dose": "For local application on affected body part",
      "Precaution/ Contraindication": "Discontinue if excessive irritation, vescication, extensive hyperpigmentation\nappears",
      "Class": "I"
    },
    {
      "Name of Medicine": "Apamarga Kshar",
      "Dispensing Pack Size": "10 gm",
      "Main Indications": "Gulma, Grahani, Shvasa,\nSharkara, Ashmari",
      "Dose": "125-500 mg",
      "Precaution/ Contraindication": "No Precaution, Safe to use",
      "Class": "J"
    },
    {
      "Name of Medicine": "Yavakshar",
      "Dispensing Pack Size": "10 gm",
      "Main Indications": "Adhamana, Anaha,\nGulma, Mutrakricchra",
      "Dose": "500 mg - 1 gm",
      "Precaution/ Contraindication": "No Precaution, Safe to use",
      "Class": "J"
    },
    {
      "Name of Medicine": "Ksharsutra",
      "Dispensing Pack Size": "30\nCm thread of 20\nNo",
      "Main Indications": "Bhagandara, Arsha, Nadivrana, Charmkila",
      "Dose": "To be applied on affected part",
      "Precaution/ Contraindication": "No Precaution, Safe to use",
      "Class": "J"
    },
    {
      "Name of Medicine": "Dashanga Lepa",
      "Dispensing Pack Size": "50 gm",
      "Main Indications": "Visarpa, Sthanika\nShotha, Kushtha",
      "Dose": "To apply on affected\npart",
      "Precaution/ Contraindication": "No Precaution, Safe to use",
      "Class": "K"
    },
    {
      "Name of Medicine": "Shveta Malaham",
      "Dispensing Pack Size": "25gm",
      "Main Indications": "Agnidagdha",
      "Dose": "To apply on affected\npart",
      "Precaution/ Contraindication": "No Precaution, Safe to use",
      "Class": "K"
    },
    {
      "Name of Medicine": "Sarjarasa Malahara",
      "Dispensing Pack Size": "25 gm",
      "Main Indications": "Dushta Vrana, Arsha,\nGudapaka, Vidarika",
      "Dose": "To apply on affected\npart",
      "Precaution/ Contraindication": "No Precaution, Safe to use",
      "Class": "K"
    },
    {
      "Name of Medicine": "Abhayadi Modakam",
      "Dispensing Pack Size": "20 gm",
      "Main Indications": "Malabandha",
      "Dose": "2-4 modakam",
      "Precaution/ Contraindication": "No Precaution, Safe to use",
      "Class": "L"
    },
    {
      "Name of Medicine": "Bilvadi Gutika",
      "Dispensing Pack Size": "5 gm",
      "Main Indications": "Vishuchika, Ajirna,\nGaradosha, Jvara",
      "Dose": "1-2 pills",
      "Precaution/ Contraindication": "No Precaution, Safe to use",
      "Class": "L"
    },
    {
      "Name of Medicine": "Chandraprabha Vati",
      "Dispensing Pack Size": "5 gm",
      "Main Indications": "Prameha, Mutrakricchra, Mutraghata, Ashmari, Striroga, Daurbalya,\nPandu, Kamala",
      "Dose": "250 mg",
      "Precaution/ Contraindication": "No Precaution, Safe to use",
      "Class": "L"
    },
    {
      "Name of Medicine": "Chitrakadi Gutika",
      "Dispensing Pack Size": "5 gm",
      "Main Indications": "Agnimandya, Amadosha, Grahaniroga",
      "Dose": "250-500 mg",
      "Precaution/ Contraindication": "Pregnancy, Uterine bleeding, Pitta Prakriti, Raktpittaj Roga, long\nterm use",
      "Class": "L"
    },
    {
      "Name of Medicine": "Dhanvantar Gutika",
      "Dispensing Pack Size": "5 gm",
      "Main Indications": "Kasa, Shvasa, Hridroga,\nYakshma,Hikka",
      "Dose": "250 -500 mg",
      "Precaution/ Contraindication": "No Precaution, Safe to use",
      "Class": "L"
    },
    {
      "Name of Medicine": "Eladi Gutika",
      "Dispensing Pack Size": "10 gm",
      "Main Indications": "Kasa, Shvasa, Chhardi,\nBhrama, Svarabheda, Raktanishthivana",
      "Dose": "500 mg -1 gm",
      "Precaution/ Contraindication": "No Precaution, Safe to use",
      "Class": "L"
    },
    {
      "Name of Medicine": "Kankayan Gutika",
      "Dispensing Pack Size": "10 gm",
      "Main Indications": "Gulma, Krimi, Arsha",
      "Dose": "500 mg- 1 gm",
      "Precaution/ Contraindication": "No Precaution, Safe to use",
      "Class": "L"
    },
    {
      "Name of Medicine": "Khadiradi Gutika (Mukhroga)",
      "Dispensing Pack Size": "10 gm",
      "Main Indications": "Mukhdaurgandhya, Mukhapaka, Dantaroga,\nGalaroga",
      "Dose": "1 - 2 pills",
      "Precaution/ Contraindication": "No Precaution, Safe to use",
      "Class": "L"
    },
    {
      "Name of Medicine": "Kutajaghan Vati",
      "Dispensing Pack Size": "5  gm",
      "Main Indications": "Atisara, Grahani,\nJvaratisara",
      "Dose": "250-500 mg",
      "Precaution/ Contraindication": "No Precaution, Safe to use",
      "Class": "L"
    },
    {
      "Name of Medicine": "Lavangadi Vati",
      "Dispensing Pack Size": "5 gm",
      "Main Indications": "Kasa, Shvasa",
      "Dose": "1-2 pills",
      "Precaution/ Contraindication": "No Precaution, Safe to use",
      "Class": "L"
    },
    {
      "Name of Medicine": "Lahsunadi Vati",
      "Dispensing Pack Size": "10 gm",
      "Main Indications": "Visuchika, Ajirna, Atisara",
      "Dose": "500 mg -1 gm",
      "Precaution/ Contraindication": "Hyperacidity, Peptic Ulcer, Pitta Prakriti, history of Raktapitt aja\nVikara",
      "Class": "L"
    },
    {
      "Name of Medicine": "Prabhakara Vati",
      "Dispensing Pack Size": "5 gm",
      "Main Indications": "Hridroga, Daurbalya",
      "Dose": "125-250 mg",
      "Precaution/ Contraindication": "No Precaution, Safe to use",
      "Class": "L"
    },
    {
      "Name of Medicine": "Rajahpravartini Vati",
      "Dispensing Pack Size": "5 gm",
      "Main Indications": "Rajorodha, Kastartava",
      "Dose": "250 mg",
      "Precaution/ Contraindication": "Pregnancy, lactation, excessive Uterine Bleeding, kidney disease, discontinue in case of severe abdominal\npain",
      "Class": "L"
    },
    {
      "Name of Medicine": "Samshamani Vati\n/ Guduchighana Vati",
      "Dispensing Pack Size": "5 gm",
      "Main Indications": "Jvara, Jirna Jvara,\nVishma Jvara, Daha",
      "Dose": "250-500 mg",
      "Precaution/ Contraindication": "No Precaution, Safe to use",
      "Class": "L"
    },
    {
      "Name of Medicine": "Sarpagandhaghana Vati",
      "Dispensing Pack Size": "5 gm",
      "Main Indications": "Anidra, Manodvega",
      "Dose": "250-500 mg",
      "Precaution/ Contraindication": "Concomi tant use of medicines made of Vatsanab ha\nor Gok shuru, anti hyperten sives/ depressa nts/ psychotropic medicines postural hypotens ion,\nbradycar dia",
      "Class": "L"
    },
    {
      "Name of Medicine": "Sanjivani Vati",
      "Dispensing Pack Size": "5 gm",
      "Main Indications": "Mandagni, Ajirna, Gulma, Visuchika, Sarpadamsha",
      "Dose": "125 mg",
      "Precaution/ Contraindication": "Pitta Prakriti individuals, hyper sensitivity to Bhallataka, patients having history of Raktapittaja Vikara,\npregnancy, cardiac arrhythmia,\nlong term use",
      "Class": "L"
    },
    {
      "Name of Medicine": "Vettumaran Gulika",
      "Dispensing Pack Size": "5 gm",
      "Main Indications": "Jvara, Chhardi,\nMutraghata, Gulma",
      "Dose": "250-375 mg",
      "Precaution/ Contraindication": "No Precaution, Safe to use",
      "Class": "L"
    },
    {
      "Name of Medicine": "Elanirkuzambu/N alikeranjana",
      "Dispensing Pack Size": "25 ml",
      "Main Indications": "Netravrana, Arma,\nTimira, Pittaja Netraroga, Abhishyanda",
      "Dose": "1-2 drops to be instilled in eyes",
      "Precaution/ Contraindication": "No Precaution, Safe to use",
      "Class": "M"
    },
    {
      "Name of Medicine": "Guduchi Sattva",
      "Dispensing Pack Size": "25 gm",
      "Main Indications": "Jvara, Vatarakta,\nKamala, Prameha",
      "Dose": "500 mg- 1gm",
      "Precaution/ Contraindication": "No Precaution, Safe to use",
      "Class": "N"
    },
    {
      "Name of Medicine": "Panchamrita Parpati",
      "Dispensing Pack Size": "5 gm",
      "Main Indications": "Grahani, Atisara, Agnimandya, Kshaya",
      "Dose": "125- 250 mg",
      "Precaution/ Contraindication": "Peri- concepti onal period, pregnanc y, lactation period, kidney disease, small\nchildren",
      "Class": "O"
    },
    {
      "Name of Medicine": "Shveta Parpati/Kshara\nParpati",
      "Dispensing Pack Size": "10 gm",
      "Main Indications": "Ashmari, Mutrakriccha, Mutraghata",
      "Dose": "500 mg- 1 gm",
      "Precaution/ Contraindication": "No Precaution, Safe to use",
      "Class": "O"
    },
    {
      "Name of Medicine": "Akika Pishti",
      "Dispensing Pack Size": "5 gm",
      "Main Indications": "Hriddaha, Hridroga,\nKshaya, Shiroroga, Kasa,",
      "Dose": "125 -- 250 mg",
      "Precaution/ Contraindication": "No Precaution, Safe to use",
      "Class": "P"
    },
    {
      "Name of Medicine": "Mukta Pishti",
      "Dispensing Pack Size": "2 gm",
      "Main Indications": "Manodosha, Unmada, Hridroga",
      "Dose": "65-125 mg",
      "Precaution/ Contraindication": "No Precaution, Safe to use",
      "Class": "P"
    },
    {
      "Name of Medicine": "Pravala Pishti",
      "Dispensing Pack Size": "5 gm",
      "Main Indications": "Kasa, Pittaroga, Manodaurbalya,\nOjakshya, Hridroga",
      "Dose": "250 mg",
      "Precaution/ Contraindication": "No Precaution, Safe to use",
      "Class": "P"
    },
    {
      "Name of Medicine": "Godanti Bhasma",
      "Dispensing Pack Size": "10 gm",
      "Main Indications": "Shirahshula, Pitta Jvara, Jirnajvara, Daha",
      "Dose": "500 mg- 1 gm  with ghee, sugar, warm\nmilk or water",
      "Precaution/ Contraindication": "No Precaution, Safe to use",
      "Class": "Q"
    },
    {
      "Name of Medicine": "Jaharamohara\nBhasma",
      "Dispensing Pack Size": "5 gm",
      "Main Indications": "Hridroga, Raktapitta,\nArsha, Raktaj Pravahika",
      "Dose": "250- 500 mg",
      "Precaution/ Contraindication": "No Precaution, Safe to use",
      "Class": "Q"
    },
    {
      "Name of Medicine": "Kapardika Bhasma",
      "Dispensing Pack Size": "5 gm",
      "Main Indications": "Parinamashula, Agnimandya, Karnasrava",
      "Dose": "250 mg",
      "Precaution/ Contraindication": "Not to be used on change of physical\ncharacter istics",
      "Class": "Q"
    },
    {
      "Name of Medicine": "Mandur Bhasma",
      "Dispensing Pack Size": "5 gm",
      "Main Indications": "Kamala, Pandu",
      "Dose": "250-500 mg",
      "Precaution/ Contraindication": "No Precaution, Safe to use",
      "Class": "Q"
    },
    {
      "Name of Medicine": "Muktashukti Bhasma",
      "Dispensing Pack Size": "5 gm",
      "Main Indications": "Udarashula,Jvara, Pitta\nJvara, Raktajroga",
      "Dose": "250-500 mg",
      "Precaution/ Contraindication": "No Precaution, Safe to use",
      "Class": "Q"
    },
    {
      "Name of Medicine": "Shankha Bhasma",
      "Dispensing Pack Size": "5 gm",
      "Main Indications": "Agnimandya, Amlapitta, Vidagdhajirna,\nParinamashula,",
      "Dose": "250 mg",
      "Precaution/ Contraindication": "No Precaution, Safe to use",
      "Class": "Q"
    },
    {
      "Name of Medicine": "Sphatika Bhasma",
      "Dispensing Pack Size": "5 gm",
      "Main Indications": "Jvara, Kaphaja Vrana, Shvitra, Visarpa,, Raktasrava,\nYonibhransha",
      "Dose": "125-250 mg",
      "Precaution/ Contraindication": "No Precaution, Safe to use",
      "Class": "Q"
    },
    {
      "Name of Medicine": "Tankana Bhasma/\nSaubhagya Bhasma",
      "Dispensing Pack Size": "5 mg",
      "Main Indications": "Kasa, Shvasa",
      "Dose": "125 - 250 mg",
      "Precaution/ Contraindication": "No Precaution, Safe to use",
      "Class": "Q"
    },
    {
      "Name of Medicine": "Punarnavadi Mandura",
      "Dispensing Pack Size": "5 gm",
      "Main Indications": "Pandu, Shotha, Pliharoga",
      "Dose": "250-500 mg",
      "Precaution/ Contraindication": "No Precaution, Safe to use",
      "Class": "R"
    },
    {
      "Name of Medicine": "Arogyavardhini\nVati/Rasa",
      "Dispensing Pack Size": "5 gm",
      "Main Indications": "Kushta, Medoroga,\nJvara",
      "Dose": "250-500 mg",
      "Precaution/ Contraindication": "Old age,\nPaediatric age group, periconc eptional period, pregnancy, lactation period, kidney\ndisease, karshaya",
      "Class": "S"
    },
    {
      "Name of Medicine": "Arsho Kuthara Rasa",
      "Dispensing Pack Size": "5 gm",
      "Main Indications": "Arsha",
      "Dose": "250 mg",
      "Precaution/ Contraindication": "No Precaution, Safe to use",
      "Class": "S"
    },
    {
      "Name of Medicine": "Brahmi Vati",
      "Dispensing Pack Size": "5 gm",
      "Main Indications": "Bhrama, Manoroga, Aptantrak, Akshepa,\nHriddaurbalya",
      "Dose": "125-250 mg",
      "Precaution/ Contraindication": "No Precaution, Safe to use",
      "Class": "S"
    },
    {
      "Name of Medicine": "Gandhak Rasayana",
      "Dispensing Pack Size": "5 gm",
      "Main Indications": "Kushta,  Raktadushti, Prameha",
      "Dose": "250-500 mg",
      "Precaution/ Contraindication": "Hyperse nsitivity, loose\nmotions",
      "Class": "S"
    },
    {
      "Name of Medicine": "Kamadudha  Rasa",
      "Dispensing Pack Size": "5 gm",
      "Main Indications": "Amlapitta, Raktapitta, Daha, JirnaJvara,\nPradara",
      "Dose": "125-250 mg",
      "Precaution/ Contraindication": "No Precaution, Safe to use",
      "Class": "S"
    },
    {
      "Name of Medicine": "Laghumalini Vasanta Rasa",
      "Dispensing Pack Size": "5 gm",
      "Main Indications": "Kshaya, Yakshma, Pradara, Netraroga, Arsha, JirnaJvara",
      "Dose": "125- 250 mg",
      "Precaution/ Contraindication": "Kidney disease, long term\nuse",
      "Class": "S"
    },
    {
      "Name of Medicine": "Laghu Sutashekhara Rasa",
      "Dispensing Pack Size": "5 gm",
      "Main Indications": "Pittaja Shirahshula, Ardhavbhedaka, Suryavarta, Daha, Urdhvaga raktapitta",
      "Dose": "250-500mg",
      "Precaution/ Contraindication": "Long term use, pregnancy lactation period, paediatric age\ngroup",
      "Class": "S"
    },
    {
      "Name of Medicine": "Navajivana Rasa",
      "Dispensing Pack Size": "2 gm",
      "Main Indications": "Hridya , Balya, Shulahara",
      "Dose": "625-125 mg",
      "Precaution/ Contraindication": "Long term use, hyperten sion,\npregnancy",
      "Class": "S"
    },
    {
      "Name of Medicine": "Shankha Vati",
      "Dispensing Pack Size": "5 gm",
      "Main Indications": "Grahani, Atisara, Amajirna, Visuchika, Shula",
      "Dose": "250-500 mg in divided doses",
      "Precaution/ Contraindication": "Kidney disease, bradycar- dia, arrhy- thmia, hypotens ion,  long term use, peri- concepti onal period period,\npregnancy, lactating mothers and debilitate\npatients",
      "Class": "S"
    },
    {
      "Name of Medicine": "Shirahshuladi vajra Rasa",
      "Dispensing Pack Size": "5 gm",
      "Main Indications": "Shirahshula, Shiroroga",
      "Dose": "250-500 mg\nin single or divided dose",
      "Precaution/ Contraindication": "Kidney disease, long term use, peri- concepti onal period, pregnancy, lactating mothers, debilitay ed\npatients",
      "Class": "S"
    },
    {
      "Name of Medicine": "Shvasakuthara Rasa",
      "Dispensing Pack Size": "5 gm",
      "Main Indications": "Kasa, Shvasa, Vatakaphaja Roga",
      "Dose": "125-250 mg",
      "Precaution/ Contraindication": "Kidney disease, bradycar dia, arrhy- thmia, hypotens ion,  long term adm- inist ration, periconc eptional period, pregnancy, lactating mothers, debilitate\npatients",
      "Class": "S"
    },
    {
      "Name of Medicine": "Smritisagara Rasa",
      "Dispensing Pack Size": "5 gm",
      "Main Indications": "Apasmara, Smriti\nDaurbalya",
      "Dose": "125-250 mg",
      "Precaution/ Contraindication": "No Precaution, Safe to use",
      "Class": "S"
    },
    {
      "Name of Medicine": "Tribhuvankirti Rasa",
      "Dispensing Pack Size": "5 gm",
      "Main Indications": "Jvara, Pratishyaya, Kasa",
      "Dose": "125-250 mg",
      "Precaution/ Contraindication": "Bradycar dia, arrhythm ias, small children, Vrikka Roga, long term administ ration, periconc eptional period,\npregnancy, debilitate patients",
      "Class": "S"
    },
    {
      "Name of Medicine": "Vatagajankusha Rasa",
      "Dispensing Pack Size": "5 gm",
      "Main Indications": "Vata Roga, Avabahuka, Urustambha, Pakshaghata,Gridhrasi",
      "Dose": "250 mg",
      "Precaution/ Contraindication": "Long term use, Vrikka Roga, peri- concepti onal period, pregnancy, lactation and\ndebilitate patients",
      "Class": "S"
    },
    {
      "Name of Medicine": "Vatavidhavansan Rasa",
      "Dispensing Pack Size": "5 gm",
      "Main Indications": "Vatajashula, Sutika Vata, Grahaniroga",
      "Dose": "250 mg",
      "Precaution/ Contraindication": "No Precaution, Safe to use",
      "Class": "S"
    },
    {
      "Name of Medicine": "Navayasa Lauha",
      "Dispensing Pack Size": "5 gm",
      "Main Indications": "Pandu, Kamala,\nHridroga",
      "Dose": "250 mg",
      "Precaution/ Contraindication": "No Precaution, Safe to use",
      "Class": "T"
    },
    {
      "Name of Medicine": "Saptamrita Lauha",
      "Dispensing Pack Size": "5 gm",
      "Main Indications": "Timira, Drishtimandya",
      "Dose": "250 mg",
      "Precaution/ Contraindication": "No Precaution, Safe to use",
      "Class": "T"
    }
  ]